Date,Close_Scaled,SMA_10_Scaled,SMA_30_Scaled
2020-02-11,0.2169925896637671,0.18952888263016632,0.2026181719977419
2020-02-12,0.22427398054405712,0.19026349502825923,0.2026689256706068
2020-02-13,0.23317105617924105,0.19272434106197955,0.20322159469570378
2020-02-14,0.22991858000070386,0.19750730632553526,0.2029565403069299
2020-02-17,0.2379133967766326,0.20209013274346077,0.203001656868245
2020-02-18,0.24315932609685387,0.20700274071503377,0.2031611717833487
2020-02-19,0.23501768477569318,0.20926800105630927,0.2022121308134731
2020-02-20,0.2184195439146016,0.21056210713888157,0.20128483973177536
2020-02-24,0.2010240627806591,0.20959778260995654,0.19970256585366253
2020-02-25,0.21814669411421583,0.2093339551459884,0.1991515057459584
2020-02-26,0.20448637613200515,0.20797844812692245,0.19780931459987283
2020-02-27,0.1968902294925019,0.20501041414409715,0.19585322509074732
2020-02-28,0.1526775474276324,0.19628598961504595,0.19200791055509725
2020-03-02,0.15316018317104851,0.1879664014830662,0.1884985470187629
2020-03-03,0.16780677684928358,0.18036777739487486,0.18633701567384697
2020-03-04,0.1875314710933157,0.17433845863093578,0.184921506673564
2020-03-05,0.20509488344123938,0.1710952254064304,0.18360267826683263
2020-03-06,0.20148564308510442,0.169259816041617,0.18240227640804674
2020-03-09,0.14101058012754875,0.16275515363774196,0.17900167608084294
2020-03-11,0.1331836433358229,0.15354629026763555,0.17552856629192137
2020-03-12,0.056026525139963534,0.1374552192525662,0.16885948765221503
2020-03-13,0.071323685775596,0.12384547790792588,0.16324740676592675
2020-03-16,0.025201464946254526,0.1100287679878772,0.15613442034336245
2020-03-17,0.00908595982857896,0.0944130406127438,0.14935013495738736
2020-03-18,0.007575142430310988,0.07704606502259226,0.1421300001437602
2020-03-19,0.0,0.05672015065073466,0.13453443684794386
2020-03-20,0.06760952683305654,0.041818568694863,0.12890946495359656
2020-03-23,0.013996129180394723,0.02149720192356508,0.12151933759289546
2020-03-24,0.02803426677917409,0.009252073904361446,0.1145360598089431
2020-03-25,0.04782192242100458,0.0,0.10790323688354142
2020-03-26,0.06488164358654147,0.0009597769283653523,0.10206316178148045
2020-03-27,0.07896173837392684,0.0017876401247468587,0.09648411287403635
2020-03-30,0.05965671847551246,0.005522130814833992,0.0898222861639475
2020-03-31,0.07963320708095933,0.01316851303784028,0.08405230124683993
2020-04-01,0.030384432868677536,0.015640736401898336,0.07608453320429531
2020-04-03,0.007491176823320345,0.01645268022000812,0.06703640270208666
2020-04-07,0.0582717726430626,0.01544059200364245,0.06025050446493552
2020-04-08,0.028999487036227678,0.017066756216454704,0.05297800116037554
2020-04-09,0.05447375055308945,0.01993244419987228,0.04735141838174384
2020-04-13,0.05157798732237162,0.0203395516209105,0.04095625891160504
2020-04-15,0.04146384583894058,0.017801374167173423,0.0346972496503245
2020-04-16,0.03344807608359812,0.012868299216769352,0.028422129579307565
2020-04-17,0.07128167735721147,0.014128289966205743,0.025297055372172417
2020-04-20,0.07650665369801901,0.013789413211439228,0.022354056327690386
2020-04-21,0.04251303170298493,0.015103991825468621,0.017543588045536795
2020-04-22,0.05587964936495304,0.020348657927281466,0.012489010804090706
2020-04-23,0.10151923445087851,0.0250361069212075,0.008512376745544281
2020-04-24,0.0764646965094129,0.030180703600205416,0.00371238216157721
2020-04-27,0.08403978770994525,0.033385268338389396,0.0015250727343265602
2020-04-28,0.09346150750692994,0.03792488422205986,0.0
2020-04-29,0.1130183217667593,0.04568043662162624,0.0021881158528386235
2020-04-30,0.1586788598320985,0.05925378605653808,0.005541988734443004
2020-05-04,0.12342621480021121,0.06490555957938926,0.00931318292409078
2020-05-05,0.12439148628704344,0.07009563781660899,0.013740168302633027
2020-05-06,0.11215796886633145,0.07764422164076723,0.0177554714515733
2020-05-07,0.10714288092811142,0.08320047334136293,0.021869064111457726
2020-05-08,0.1078773110329424,0.08388960418123381,0.023415086209049085
2020-05-11,0.12546167636027994,0.08920022437272579,0.027694641254958463
2020-05-12,0.13142103157613994,0.09433572029797854,0.031664023383887296
2020-05-13,0.1314839929739383,0.09845685143027283,0.03487610501130034
2020-05-14,0.11163337593430933,0.09830674174342446,0.036671068721037536
2020-05-15,0.10766747386013353,0.09277778675143811,0.03777318303577093
2020-05-18,0.1297842913822751,0.09346691759130876,0.040465627616930844
2020-05-19,0.13106431862832058,0.09419016376431555,0.042440249179448664
2020-05-20,0.13314168614721678,0.0964645193067104,0.04638546214343553
2020-05-21,0.14892143129648683,0.10099275786004314,0.051815467867070586
2020-05-22,0.1611549487171985,0.10676734436113322,0.05576551545080244
2020-05-26,0.12869314832962486,0.10711759289361167,0.059593106325539935
2020-05-27,0.15483888055351924,0.10965577589997466,0.06344647724950381
2020-05-28,0.15441920620790162,0.11214164761833734,0.06739491394895125
2020-05-29,0.14101058012754875,0.11532574537769003,0.07121686377835557
2020-06-01,0.17160485016903515,0.122255705604842,0.07652118905753569
2020-06-02,0.1724022416716645,0.12687492393249622,0.08040356376618663
2020-06-03,0.17198256732604678,0.13130991724016616,0.08406922044905596
2020-06-04,0.19103579286304628,0.1375848675132093,0.0897715324910826
2020-06-05,0.17286387320588825,0.14017990940813208,0.09426296897613684
2020-06-08,0.1827262203279043,0.14251794801623907,0.0973807912536544
2020-06-09,0.18285214312350107,0.14838806189221054,0.10146538012885176
2020-06-10,0.1982541711157595,0.1530937012883753,0.10585047268153946
2020-06-11,0.18100551452704894,0.15597530309743846,0.10921159552586979
2020-06-12,0.16919172268173344,0.15902976370139998,0.11136829028414896
2020-06-15,0.16516285920975915,0.15833153766040975,0.11161723386318645
2020-06-16,0.17183569155103628,0.1582701311712903,0.11347584422073931
2020-06-17,0.17267504024227176,0.15834518601471448,0.11532961995854707
2020-06-18,0.16860416835191283,0.1559138966083189,0.11749678841501265
2020-06-19,0.1713320515984279,0.15574786754319903,0.11996123681350823
2020-06-22,0.16434446349793752,0.1537555298670108,0.12212920972867025
2020-06-23,0.16742911092205048,0.15208387854335048,0.12374048739147003
2020-06-24,0.17032482292298978,0.14905670909537272,0.12523414099812868
2020-06-25,0.15937133274832327,0.14671185186273905,0.1263048342183024
2020-06-26,0.20249292299032107,0.1503212585506204,0.1297932523251556
2020-06-29,0.1952744422780509,0.15358495320133114,0.1331567924793583
2020-06-30,0.1870907925385057,0.15523840301750125,0.13535699094777642
2020-07-01,0.19124563003585515,0.15725120767252054,0.13766756350960951
2020-07-02,0.21856636845983357,0.16266644488738713,0.14094731801210336
2020-07-03,0.23640252814858598,0.16971921809277823,0.14430602551345284
2020-07-06,0.2630728533045026,0.18042006091974594,0.1482190129241835
2020-07-07,0.26588465092822977,0.1910913304615115,0.15348627803036263
2020-07-08,0.24448125930172682,0.1991289007272845,0.15692796475783288
2020-07-09,0.23837507954063486,0.2076918548970269,0.1601513265090203
2020-07-10,0.24592921776175358,0.21239977086978434,0.16417952263291136
2020-07-13,0.24494294206572909,0.21778317488073362,0.16699523034865382
2020-07-14,0.22477756926688697,0.2218679196559249,0.1690061036916931
2020-07-15,0.25077637448599244,0.22832025966654823,0.17203127553670783
2020-07-16,0.2511331386635902,0.23185006391044582,0.17433862436308034
2020-07-17,0.23686421091258825,0.23190010417447915,0.17679582279884987
2020-07-20,0.23986484149993204,0.2293846647235399,0.17898957576323837
2020-07-21,0.24706231800300993,0.22734457446516287,0.18145483058732192
2020-07-22,0.23275138183362343,0.22607321193801433,0.1827793000393868
2020-07-23,0.22446281350767372,0.22456530755025572,0.18444777884597252
2020-07-24,0.21867128704623795,0.22161091081648354,0.18634747363690007
2020-07-27,0.23940326119548683,0.22101048317434147,0.18919782421577114
2020-07-28,0.2826087145849181,0.22727860927023202,0.1934507908199744
2020-07-29,0.2684657096295129,0.22919589765562176,0.19712853208531478
2020-07-30,0.2699135656299826,0.23123144586606548,0.20101815675669166
2020-07-31,0.2707109059028334,0.23489997691384745,0.20483366108206658
2020-08-03,0.2592747799847509,0.23700375579056276,0.20847837036856298
2020-08-04,0.25740724963866357,0.23812500863086272,0.21193294810409224
2020-08-05,0.2615200787176285,0.2412431523005364,0.21543425525211257
2020-08-06,0.28191629289847175,0.2474703444387646,0.22013918799437937
2020-08-07,0.276565444991846,0.2537453002644333,0.22298309306922126
2020-08-10,0.27129851146243233,0.2572023206888733,0.22590192491565297
2020-08-11,0.2700813943844068,0.25584452598796303,0.2290882264938393
2020-08-12,0.2606178198583732,0.2549939192361578,0.23175166925720403
2020-08-13,0.25940070278034766,0.2538544648883675,0.23331944320986475
2020-08-14,0.2542386878373385,0.2520690957875874,0.23400423621655453
2020-08-17,0.25896002422553765,0.2520349804544516,0.2338463302188435
2020-08-18,0.2658217407602099,0.25294699924800235,0.23384391487586276
2020-08-19,0.26030306409915993,0.2528150910686441,0.23445136970176483
2020-08-20,0.25872928530309347,0.25030192819429764,0.23523283936822292
2020-08-21,0.25694566933421825,0.24817540576215869,0.23565579975470785
2020-08-24,0.2567358321614094,0.24659700523678685,0.23610857035146793
2020-08-25,0.25444852501014725,0.24490261035770267,0.23724774287231065
2020-08-26,0.2590020326439222,0.24472748053883764,0.23756355486773273
2020-08-27,0.2568616524974491,0.24445228129715757,0.2377834926951915
2020-08-28,0.25272792166884894,0.24428853436125608,0.23839255643848645
2020-08-31,0.26057581143998865,0.2444636641801211,0.2391877235385914
2020-09-01,0.2560014020565784,0.24339927022838104,0.23953092646752439
2020-09-02,0.2638911977865457,0.24378817614192927,0.2407264937065653
2020-09-03,0.2783070525423367,0.24591014542088308,0.24279376373469386
2020-09-04,0.27381655753613865,0.2477387250559181,0.24491098494388275
2020-09-07,0.28986910125601584,0.2513299302363091,0.24684854633339948
2020-09-08,0.2987451726820075,0.25613109700735504,0.2474680818079894
2020-09-09,0.2901208443876522,0.2595039618346259,0.24829949872172385
2020-09-10,0.29158970459731415,0.26326802025728935,0.2491317220610466
2020-09-11,0.3096147997092402,0.2694338003537723,0.2506253796014887
2020-09-14,0.35884251848255133,0.28008460291670645,0.2544481358564811
2020-09-15,0.35884251848255133,0.29123121054578227,0.2583425931807114
2020-09-16,0.3637107818755395,0.30205032430305534,0.26226605428962857
2020-09-17,0.3460634551504037,0.3093942161283979,0.2647288898369483
2020-09-18,0.34142603313941666,0.31672218302284316,0.2672191163177785
2020-09-21,0.34788907953766357,0.3230107760975648,0.27015969805238804
2020-09-22,0.37208326457870144,0.3309596487182348,0.2740759091985795
2020-09-23,0.34879133839691867,0.33731874903582126,0.2774612012078518
2020-09-24,0.29205138736131653,0.3373687892998546,0.2787147760162664
2020-09-25,0.3298430826761022,0.3395612658216728,0.28161749508607026
2020-09-28,0.33152178005857313,0.33660006156862565,0.2844033965253211
2020-09-29,0.35758349544569834,0.336463600236082,0.28792645356151947
2020-09-30,0.3592202868693416,0.3359768903710597,0.2917242342259815
2020-10-01,0.3722931017515102,0.3388198347990533,0.2960843492212476
2020-10-05,0.4488207596587216,0.3504599931281812,0.3034511099088114
2020-10-06,0.452387991596472,0.36178628372930766,0.310962885586027
2020-10-07,0.46147390019527246,0.3714750383399096,0.3189113190833749
2020-10-08,0.4991396727144616,0.3877707958011688,0.3281310490831585
2020-10-09,0.4937888248078358,0.4096364477647024,0.33722751791525074
2020-10-12,0.5009442928925291,0.42818154063633973,0.34675741886512335
2020-10-13,0.49949643689205947,0.4463877567532105,0.35593042338619874
2020-10-14,0.49238297722575075,0.4609982256417563,0.3650059448219184
2020-10-15,0.4634254473781291,0.4722926774863393,0.37266676761672646
2020-10-16,0.4729520345317396,0.48320276546530805,0.3801398742035481
2020-10-19,0.4512338871460234,0.4834643163526836,0.3869515505230342
2020-10-20,0.4627539274413178,0.48458784576957614,0.393589208068181
2020-10-21,0.43606259807620906,0.48183359898668565,0.3988613077941049
2020-10-22,0.43427898210733373,0.47480356378409294,0.4043960465658222
2020-10-23,0.44084694709198524,0.46906536919273145,0.41012655793383945
2020-10-26,0.4414344501920272,0.4626152946534491,0.4151875787124234
2020-10-27,0.41707233393700804,0.45368161941977114,0.417423226469558
2020-10-28,0.4137359433812585,0.44515732818372433,0.4195307784392567
2020-10-29,0.4181215198010523,0.44024698568349263,0.4216197983555633
2020-10-30,0.43163511569758783,0.43576878184156753,0.42490519587028197
2020-11-02,0.4063497363741212,0.4309039375574354,0.4273978455616597
2020-11-03,0.4185202923970347,0.42610960051616764,0.4301096266549084
2020-11-04,0.4267248438862151,0.42509751229980186,0.4322075093851171
2020-11-05,0.44038526432798275,0.42575935198368897,0.4357241228841774
2020-11-06,0.44951318134516793,0.42669865638059756,0.44176963588824536
2020-11-09,0.4575500065394812,0.42844536810030764,0.44667275460290157
2020-11-10,0.42523508192691784,0.42933010129050075,0.4502707384106902
2020-11-11,0.44126662143760276,0.43231406020422336,0.4534836284305829
2020-11-12,0.43423707614850626,0.43406077192393366,0.4563637872528373
2020-11-13,0.4282777209326464,0.4336968750371505,0.4585132340152823
2020-11-14,0.4339433245984853,0.4366876525753999,0.45794203687057633
2020-11-17,0.4321387044204178,0.43816370710136365,0.4571645953982756
2020-11-18,0.4156034737273461,0.43695829866389435,0.4554034681260787
2020-11-19,0.4199051357699274,0.4347385254334667,0.45236137511195607
2020-11-20,0.4297045727239236,0.4325915360224962,0.4499009549076177
2020-11-23,0.4565637308434568,0.432484636869903,0.44819702877920686
2020-11-24,0.45564046777500933,0.4357801758297827,0.4465132436215812
2020-11-25,0.4469322251034419,0.4363942518262295,0.44476822912601255
2020-11-26,0.455031960465775,0.43864814038979294,0.4444459735934524
2020-11-27,0.4378462140450844,0.4396852376329238,0.44309813746825044
2020-12-01,0.4576339209166934,0.4422529828192371,0.44334385731182746
2020-12-02,0.4671815122794961,0.4460511565750366,0.4435138478920094
2020-12-03,0.4503525300364034,0.4498174915742926,0.4440624887229493
2020-12-04,0.45794867667590655,0.45394090483580574,0.4449712516850385
2020-12-07,0.46220833030010355,0.45746387934992494,0.4457913904418901
2020-12-08,0.4872209622827416,0.4607867150184143,0.4475492959455182
2020-12-09,0.4928865659485805,0.46482369610616503,0.45046007140363586
2020-12-10,0.48176519578971144,0.46859912630654044,0.4530719540685476
2020-12-11,0.48147144423969046,0.4714648142899579,0.4555041808475705
2020-12-14,0.4873887910371658,0.47683456994660245,0.45764476086232986
2020-12-15,0.4722176044269085,0.4784152470485671,0.46017366036733753
2020-12-16,0.49431341773985793,0.4813559843227827,0.46308362546608384
2020-12-17,0.5043856020346827,0.48721244984444956,0.46606529556785137
2020-12-18,0.5139541976066778,0.493282702566051,0.46888986609749594
2020-12-21,0.49681045960437176,0.49703311263440975,0.47070577523671464
2020-12-22,0.5187804525812815,0.5004537411491213,0.4730566277732259
2020-12-23,0.5339936476099233,0.5049092014356223,0.47723225226285815
2020-12-24,0.5342454932011168,0.5105973668682021,0.4808020387115476
2020-12-28,0.5426598818631062,0.5172293787456245,0.48496477219312084
2020-12-29,0.5431215646271085,0.5232700692872753,0.489374031943859
2020-12-30,0.5342244889919244,0.5299907899150521,0.4932241791323623
2020-12-31,0.5146886277115089,0.5321991913677678,0.4963935615083327
2021-01-01,0.5421772973494686,0.5362953079206713,0.50125317651285
2021-01-04,0.588845064090246,0.5444124806304284,0.5077393755312071
2021-01-05,0.6113186457899854,0.5568236432673775,0.514712179616973
2021-01-06,0.5939021604468507,0.5649658361091511,0.519985085768485
2021-01-07,0.5860542706757109,0.5706085144308829,0.5249921311056353
2021-01-08,0.6230275190488966,0.5802313038465544,0.5317530498184729
2021-01-11,0.6463404494398716,0.5914688968025775,0.5390980566840754
2021-01-12,0.6456690319626174,0.602583676780362,0.5470771068172865
2021-01-13,0.6389961483915617,0.6139395295614386,0.5540402416635622
2021-01-14,0.6775012696019861,0.6315862519938297,0.5621151580971696
2021-01-15,0.6702199811812531,0.6454643739556237,0.5705566441328477
2021-01-18,0.665351717788265,0.6537566764842458,0.5785195775556472
2021-01-19,0.6816980130581632,0.6613848627523876,0.5869465597320899
2021-01-20,0.7018843900661976,0.6730886985946022,0.5951882449773106
2021-01-21,0.6872167921787701,0.684053368885538,0.6026492669816613
2021-01-22,0.699492266788088,0.6923411293662259,0.611008576283023
2021-01-25,0.6945400890178878,0.6975653284892075,0.6191890321903005
2021-01-27,0.6818449400629522,0.7014863152232459,0.6266548888143967
2021-01-28,0.6547759447706102,0.7031966350332276,0.6336639466475754
2021-01-29,0.6190197110158931,0.6968580127997243,0.638451860582855
2021-02-01,0.6307705926931889,0.6925822243800218,0.6433042256246463
2021-02-02,0.6576716567715496,0.691749808030455,0.6488220451941472
2021-02-03,0.6562448049802722,0.6889910191996306,0.6549432913953935
2021-02-04,0.651376541587284,0.6835166409669858,0.6600341223842526
2021-02-05,0.638576474045944,0.6782446781565633,0.6640494255331929
2021-02-08,0.6621412500281124,0.6741963252911006,0.668959794210575
2021-02-09,0.6465292824034882,0.6689925931469504,0.6729477064260044
2021-02-10,0.6618054900597067,0.6668205836039632,0.6775044004431586
2021-02-11,0.658741846844786,0.6672504345804254,0.6822850604819289
2021-02-12,0.6523628172833084,0.6708643833162405,0.6875708576415002
2021-02-15,0.6309804298659977,0.6708871268716644,0.6909803227494978
2021-02-16,0.6179495209426565,0.6665817762720115,0.6920977453821627
2021-02-17,0.6029671672960158,0.6608071897709215,0.691777102700779
2021-02-18,0.5963572963525371,0.6548438362019132,0.6918713640175659
2021-02-19,0.6024425743639937,0.6509274026210604,0.692500568731646
2021-02-22,0.5548514420952119,0.6392986160696444,0.6898830489551845
2021-02-23,0.5639793591123968,0.6303513035869136,0.68672091654194
2021-02-24,0.5505078740938029,0.6182881240111017,0.6830673444415417
2021-02-25,0.570316482715047,0.6087039919764999,0.6804304901198831
2021-02-26,0.5279293738076588,0.5952170636100987,0.6746878981031782
2021-03-01,0.5404775957578055,0.5854077614925987,0.6697066308483629
2021-03-02,0.574953904726034,0.580747609207282,0.6662359403362056
2021-03-03,0.597091726457368,0.5801107896554113,0.6629876069282713
2021-03-04,0.5931467261328275,0.5797628065942738,0.658812784930444
2021-03-05,0.5756673306216727,0.5768607267011278,0.6545300081159654
2021-03-08,0.5752056478576705,0.5790668515772507,0.6497582069573141
2021-03-09,0.5936713190648496,0.5822850646697396,0.6458854995212614
2021-03-10,0.6020648059772037,0.5878731495742525,0.642822459110766
2021-03-12,0.5966090394841735,0.5907229126267727,0.6405892266966121
2021-03-15,0.6000503486263272,0.5985398659628328,0.6398609260459999
2021-03-16,0.6184741138746787,0.606993649956015,0.6393888209040429
2021-03-17,0.6196911284931473,0.6118425693092499,0.6379306146192091
2021-03-18,0.5876070452625851,0.6108145561619868,0.6352953692149436
2021-03-19,0.5933565633056362,0.6108372997174106,0.6330677778461228
2021-03-22,0.6266996695730515,0.6163685257333641,0.6326117854807939
2021-03-23,0.6321345343164465,0.6225388589830322,0.6314597219518919
2021-03-24,0.6231115358856657,0.625729786472163,0.6305606321630765
2021-03-25,0.5995048539446698,0.6254523217591418,0.628168691259407
2021-03-26,0.6003231984267129,0.6258548871322464,0.6259257935395465
2021-03-30,0.6388283196371375,0.6300579028377432,0.6254061564932935
2021-03-31,0.6469280549994706,0.6331419311742809,0.6260184420051574
2021-04-01,0.6415351986744603,0.6355095375149643,0.6269239792648941
2021-04-05,0.6725490918317857,0.6447161243084779,0.6295954744827895
2021-04-06,0.683376710440634,0.6544731095853519,0.6329364563563348
2021-04-07,0.6861885080643612,0.6609209075480412,0.6361517577854249
2021-04-08,0.7054726262131404,0.6688697801687112,0.6419346356774832
2021-04-09,0.7075289895228444,0.678019508073665,0.6474460117098463
2021-04-12,0.6757596620514955,0.6862845138936776,0.6522548691077154
2021-04-13,0.6159560678009725,0.6879789087727618,0.6540071335660101
2021-04-15,0.664176609128624,0.6907263258258739,0.6592381449247761
2021-04-16,0.6541883392110112,0.6915132439593411,0.6636039009653755
2021-04-19,0.6401922612603949,0.6913676874256783,0.6661086313054411
2021-04-20,0.6329528787984896,0.6870759851803304,0.6674854672815466
2021-04-22,0.6221462643988337,0.6804394201497227,0.6685988617200546
2021-04-23,0.6182432724926775,0.6730750613455491,0.6702335021222082
2021-04-26,0.6145921261777149,0.6632248252703866,0.6717456877822591
2021-04-27,0.6276859452690758,0.6545709024315741,0.6730516291147149
2021-04-28,0.6243705589225189,0.6490010079292995,0.6739080255527631
2021-04-29,0.6206563999799793,0.6495104613497457,0.6748312884403042
2021-04-30,0.5872502810849872,0.6411726717102758,0.6743398487531501
2021-05-03,0.5878168824353939,0.6339788895717816,0.6731628096337182
2021-05-04,0.5931677303420196,0.6288820565802243,0.6721444829375854
2021-05-05,0.6124517460312419,0.6266600067732039,0.6730983585272062
2021-05-06,0.6190616169747206,0.6263256720663714,0.6740852660956712
2021-05-07,0.628063611196309,0.6273900660181114,0.674137632619712
2021-05-10,0.633351548934915,0.6294233376519619,0.67418435809842
2021-05-11,0.6237410474040924,0.6289957632520925,0.6742085272633619
2021-05-12,0.6090524453074727,0.6273354837061441,0.6745750929316489
2021-05-14,0.5939021604468507,0.6244356803895909,0.6743285666624838
2021-05-17,0.6015612172543737,0.6259867953116048,0.6728977513111608
2021-05-18,0.6095560340303025,0.6283430298745761,0.6714629077656812
2021-05-19,0.6067022279881907,0.6298099891994208,0.6701255473055573
2021-05-20,0.5974693923846012,0.6281861015632012,0.6672429731403221
2021-05-21,0.606072716469764,0.626778277703509,0.6642750004722014
2021-05-24,0.6064923908153818,0.6244402446480278,0.6612151857640584
2021-05-25,0.6201318070479572,0.6230074006563192,0.6579386510632416
2021-05-26,0.6388073154279451,0.6246403834936581,0.655300183890407
2021-05-27,0.6478303138587257,0.6288433880939029,0.654227877819057
2021-05-28,0.632554208662064,0.6330327554450949,0.6548651389214512
2021-05-31,0.6390800627687737,0.6370992987127965,0.6539015940923402
2021-06-01,0.6364991065270477,0.6400195690081808,0.6532224421309835
2021-06-02,0.6266157551958395,0.6421779301968632,0.6527011922335543
2021-06-03,0.6315679329660396,0.6458737579532549,0.6526480192839254
2021-06-04,0.6326171188300839,0.6487508177143845,0.6530500322740372
2021-06-07,0.6491732512727909,0.6533768546665651,0.6542375431247639
2021-06-08,0.6562867109390996,0.6572955648240107,0.6558383451224853
2021-06-09,0.6563287193574844,0.6591946517019106,0.6569380421273462
2021-06-10,0.6632743502693687,0.6608685796021635,0.658431695734005
2021-06-11,0.6871957879695779,0.6667909992135094,0.6609863772551307
2021-06-14,0.6882659780428145,0.6721220974890844,0.6648647257365162
2021-06-15,0.6825583659585909,0.677114307904641,0.6685021850602867
2021-06-16,0.687426629351579,0.6837053969296522,0.6721211162644481
2021-06-17,0.7056404549675647,0.6917338719943059,0.6756989591014516
2021-06-18,0.697058135091594,0.6987184200860509,0.6786935202112784
2021-06-21,0.6869020364195569,0.7028077180144278,0.6809525346415503
2021-06-22,0.6986948240556802,0.707404192786658,0.6834612931757728
2021-06-23,0.6819917646081842,0.7101857251729061,0.6856977434247121
2021-06-24,0.7290793081541361,0.7173181063749069,0.6903059975403195
2021-06-25,0.7321009429506723,0.7221852272356318,0.6956119356706757
2021-06-28,0.713614267534301,0.7249326442887442,0.6999140470303508
2021-06-29,0.7153349733351565,0.7284851920880656,0.7039752731661942
2021-06-30,0.7173913366448604,0.7317329673605047,0.7082250180018285
2021-07-01,0.7156077206759851,0.7328132862431421,0.7127607646226098
2021-07-02,0.7088719269369096,0.73409374397141,0.716707588470881
2021-07-05,0.707004396590822,0.7362725721389235,0.7205665984732866
2021-07-06,0.6823695329949743,0.7345031279690412,0.7229561240339751
2021-07-07,0.6876783724832155,0.7351194805420803,0.7248324560855487
2021-07-08,0.6807747499897155,0.7298839096413868,0.7260973090508466
2021-07-09,0.6596441057040413,0.7220305532903463,0.7271373856351572
2021-07-12,0.6533280887701406,0.7154963342591466,0.7276844175487044
2021-07-13,0.6509988756600508,0.7085231579451136,0.7282411147679583
2021-07-14,0.6623300829917288,0.70255525122292,0.7296123136325142
2021-07-15,0.6574618195987406,0.6962530097938934,0.7306064711637049
2021-07-16,0.6540415146657791,0.6903101232037164,0.731429029197321
2021-07-19,0.6497608568323899,0.6841056857261639,0.7314515894448702
2021-07-20,0.658657932467574,0.6815356639632578,0.7315426289930883
2021-07-22,0.663085517305752,0.678870125930722,0.7318020462703124
2021-07-23,0.6616166570960901,0.6767936437626162,0.7317384015893887
2021-07-26,0.6551956191162279,0.6763114870507795,0.7305098023715036
2021-07-27,0.6490683326863865,0.6758497862125222,0.7290048666741787
2021-07-28,0.6553005377026323,0.6763160290987132,0.727958342618947
2021-07-29,0.6544611890113968,0.6754631457703152,0.7266926832280612
2021-07-30,0.6425633803293122,0.673848353335215,0.7242709321141164
2021-08-02,0.6643654420922406,0.6749673295989221,0.7230157444545254
2021-08-03,0.6918541117302003,0.6795296779327648,0.723205872071709
2021-08-04,0.6872586981375978,0.6826296200949483,0.7227667989085963
2021-08-05,0.6914554415937747,0.6857045421251152,0.7231301428083142
2021-08-06,0.7023040644118154,0.6901145153007685,0.7221021468726913
2021-08-09,0.7077178224864608,0.695807222781282,0.7211659929770914
2021-08-10,0.7124181546654677,0.7026734999427219,0.7211200699901882
2021-08-11,0.7167408209172416,0.7093328085287532,0.7211740454316219
2021-08-12,0.7199093827185666,0.7164265212444324,0.72127072209139
2021-08-13,0.7667659824229606,0.7298884294788172,0.7232348679888295
2021-08-16,0.7707738929155209,0.7414216886553516,0.7256115025414592
2021-08-17,0.804389848983322,0.7536190640923662,0.7293504731447426
2021-08-18,0.8075374065754547,0.7666556745034744,0.7341561087740428
2021-08-20,0.8070967280206448,0.7791896501186625,0.7387410001502962
2021-08-23,0.8397893185604411,0.7940912209692826,0.744846129641131
2021-08-24,0.8296332198884041,0.8073052266705968,0.751372610601058
2021-08-25,0.8488543254096065,0.8220930908493486,0.7588795516585286
2021-08-26,0.8542471817346168,0.8369969493818131,0.7666829701662244
2021-08-27,0.8745173706603063,0.8537543965760775,0.77482958766907
2021-08-30,0.8666065707211467,0.8645757869099432,0.7828593914751457
2021-08-31,0.9023418002666715,0.8788359961607589,0.7923925141935871
2021-09-01,0.8723350845550056,0.8862003549649328,0.8009379229179755
2021-09-02,0.9234514403431534,0.8987638927600715,0.8111042785446537
2021-09-03,0.9256757348668386,0.9116162781511951,0.821186042094035
2021-09-06,0.9298514741138234,0.9213778165812546,0.831484521702306
2021-09-07,0.9147011892532014,0.930598051729073,0.8414478547699583
2021-09-08,0.8971797853236624,0.9358358881011074,0.8509737275256736
2021-09-09,0.9044191677855676,0.9412738633187724,0.8605382693717828
2021-09-13,0.9270606806992886,0.9469688584811303,0.8710043242172553
2021-09-14,0.9440783934464408,0.955365772480501,0.8825805477988834
2021-09-15,0.9728890987488304,0.9630121602561331,0.8944258578972256
2021-09-16,0.951380788535923,0.9715796620264353,0.9043900013242491
2021-09-17,0.9197163796509787,0.9711748311819896,0.9133148706587669
2021-09-20,0.9178907552637189,0.9703310430547109,0.9220085200751597
2021-09-21,0.9344468877064259,0.9708291246974449,0.9309213008934231
2021-09-22,0.9341111277380204,0.9729329035741602,0.9396133374586394
2021-09-23,0.9370908565757289,0.9772587322578957,0.9482393139999513
2021-09-24,0.9379512094761565,0.9808931590777937,0.9567323601340819
2021-09-27,0.9235353547203656,0.9805110606835205,0.9645502785672296
2021-09-28,0.8992781570517508,0.9756553116005074,0.9696378877875199
2021-09-29,0.9046290049583766,0.968256826357946,0.974777057106263
2021-09-30,0.8977673908832612,0.9624458479471271,0.9783621499059924
2021-10-01,0.8787351183256756,0.958004024909679,0.9810956808874188
2021-10-04,0.8968231236056216,0.9557205741661651,0.9845405933172412
2021-10-05,0.9220035843426838,0.9543718857716254,0.9876970886189359
2021-10-06,0.912602817525113,0.9520406713406707,0.9908825837715344
2021-10-07,0.9470161138657648,0.9531164370701227,0.9946513606513098
2021-10-08,0.9649571921409216,0.9560435259900341,0.9989019079787488
2021-10-11,0.8600177039868601,0.949159058426356,0.998345214693278
2021-10-12,0.8462733691678802,0.9434140452104677,0.9975645514524082
2021-10-13,0.8472595424043478,0.9371959593786107,0.9954497495199836
2021-10-14,0.828898789783573,0.9297315200463702,0.9937820771389859
2021-10-18,0.8438811434302137,0.925953813269402,0.9907270931168041
2021-10-19,0.8384253769371836,0.9196242751317659,0.9873772444955736
2021-10-20,0.8278076979607013,0.9094146953230059,0.9834594244319893
2021-10-21,0.7957655206889668,0.8967510881050521,0.978893065109128
2021-10-22,0.7816435199427537,0.8788269009596396,0.974457220850467
2021-10-25,0.779167379827875,0.8586897592083259,0.969648363452598
2021-10-26,0.774823811826466,0.8494558757062031,0.9638034537307921
2021-10-27,0.7778244424138098,0.8420369234848103,0.957420378843124
2021-10-28,0.7492445784934213,0.8314134065252338,0.9488338778177944
2021-10-29,0.739214402616981,0.8216928131580884,0.9406880628067537
2021-11-01,0.7722217489159907,0.8139258889808102,0.9350252243138174
2021-11-02,0.7754952293037202,0.8071050989302183,0.9295581584171811
2021-11-03,0.778873628277854,0.8018012973632528,0.923585152907939
2021-11-04,0.7857562465621616,0.8007164253274298,0.917889286369942
2021-11-08,0.7832802089068399,0.800893820617636,0.9119839537357809
2021-11-09,0.7845182277345008,0.8014737812809466,0.9060931210270718
2021-11-10,0.7755372377221047,0.8015511071483378,0.9004109519227218
2021-11-11,0.7771739266861909,0.8014805999054732,0.8957229403495629
2021-11-12,0.793058641651644,0.8062294609411446,0.8914393610432797
2021-11-15,0.8044947675697264,0.8133049832545852,0.8878582964377072
2021-11-16,0.8057956965654071,0.816943952122417,0.8850578950730047
2021-11-17,0.7913169316415963,0.8186588139803322,0.8810071406684562
2021-11-18,0.7719279973659697,0.8179060000747492,0.8752452101727709
2021-11-22,0.7646676106948719,0.8156202727546426,0.8695654564114018
2021-11-23,0.7671227466005585,0.8138690189869985,0.862658716283324
2021-11-24,0.7583305895517788,0.8110306277121903,0.8547255930707996
2021-11-25,0.7594216813746507,0.8092839159924802,0.8508633573660419
2021-11-26,0.7598204539706331,0.8074030306220706,0.8475441253806745
2021-11-29,0.7829654531476268,0.8063090633851283,0.8450756487880219
2021-11-30,0.7943595706473247,0.8052105429950008,0.843749566484781
2021-12-01,0.8147767890373602,0.8061839738302968,0.8426321477858995
2021-12-02,0.8420975274613386,0.8116879142428922,0.8427731345813944
2021-12-03,0.8410693458064865,0.8191819157550831,0.8432822959625691
2021-12-06,0.797402209653053,0.8227299104012192,0.8433451342179051
2021-12-07,0.8175885866610874,0.8281997354806786,0.8447251919625797
2021-12-08,0.8353827379314552,0.8365511623692016,0.8468834976051433
2021-12-09,0.8248279691229928,0.843640333036947,0.8488033333668558
2021-12-10,0.8395375754288047,0.8522806075214547,0.8511727179567593
2021-12-13,0.8281433554695498,0.8571772905621303,0.8542019199628229
2021-12-14,0.8340818089357745,0.8614826522670346,0.8578442139063386
2021-12-15,0.8116502356544196,0.8611437755122681,0.8593580124175654
2021-12-16,0.8163715720426189,0.8583554245014934,0.8609273992214025
2021-12-17,0.8175256764930675,0.8558036042460774,0.8624113875223544
2021-12-20,0.8060055337382158,0.8567360900184592,0.8631888289946551
2021-12-21,0.8275768565787002,0.8578186854776896,0.8648895333544969
2021-12-22,0.8369985251459061,0.8579938152965546,0.8669044368585846
2021-12-23,0.8504070999964805,0.8607662524816836,0.869778954635506
2021-12-24,0.8538484091386344,0.862317356298446,0.8727227581386846
2021-12-27,0.864424284615846,0.8662497259154479,0.8754627365910322
2021-12-28,0.8688098610356397,0.8700137843381112,0.8779320196092727
2021-12-29,0.863836679056247,0.8756700999088963,0.8801604174036816
2021-12-30,0.8802249827445298,0.882590959382303,0.8835739107058359
2021-12-31,0.882155525718194,0.8895959744528793,0.8878059338474494
2022-01-03,0.9154776277764171,0.9014612917596537,0.8935960617022339
2022-01-04,0.9435958089328033,0.9140362013325046,0.9003714842743066
2022-01-05,0.9336075390151904,0.9245073320286402,0.9071009838594765
2022-01-06,0.9111549615246431,0.9310915913238732,0.9129265590360857
2022-01-07,0.9304809856322499,0.9393975422067998,0.9194788180783472
2022-01-10,0.9415394456230993,0.947755798825101,0.9255670323007495
2022-01-11,0.9566686238149719,0.957278518817957,0.9317986486616275
2022-01-12,0.9331668604603806,0.9647929873089792,0.9363440605881154
2022-01-13,0.9491144855938533,0.9722596921125609,0.9404528186282547
2022-01-14,0.978596608373497,0.9827126213012064,0.9457329747424928
2022-01-17,0.9999999999999999,0.9918737209838723,0.9535114176596585
2022-01-18,0.98801837940026,0.9966885361092227,0.9600548178218019
2022-01-19,0.9561440308829497,0.9991311917407043,0.9646912692965081
2022-01-20,0.9191707825097643,0.9999999999999999,0.9683134222692386
2022-01-21,0.9220874987198958,0.999090257783042,0.9714828046452088
2022-01-24,0.8960047791235782,0.9941549062560452,0.9740882437729826
2022-01-25,0.895396169354787,0.9875137880722521,0.9764423180780631
2022-01-27,0.8447625005398337,0.9779319326142434,0.9777136145804989
2022-01-28,0.8618852343329476,0.968477443287659,0.9794610444190485
2022-01-31,0.881274168608574,0.9579289867241324,0.981908573615328
2022-02-01,0.9083011554825314,0.9479900530038669,0.9858360629184023
2022-02-02,0.9316140858735064,0.9418765786427584,0.9898304186709695
2022-02-03,0.9183524380277212,0.9377804731951066,0.9929538819938201
2022-02-04,0.9142815149075837,0.9372505416905778,0.9954062458098446
2022-02-07,0.899215246883731,0.9347714941493673,0.9971480385368444
2022-02-08,0.8842958034051102,0.93350239709356,0.9979109761499102
2022-02-09,0.8914722756989958,0.9330770992702832,0.9987810660878221
2022-02-10,0.8955851047779607,0.9385855928360641,0.9999999999999999
2022-02-11,0.8639415976426515,0.9388084752371183,0.9993748234800771
2022-02-14,0.8802249827445298,0.9386947574599985,0.9993007031340749
2022-02-15,0.9154986319856092,0.939474868074191,0.999301509559663
2022-02-16,0.9135261830531175,0.9375143802597975,0.9981470306877803
2022-02-17,0.9013975329890317,0.9356766943183915,0.9969103750815816
2022-02-18,0.9054683536496119,0.9347214649905856,0.9966920461715155
2022-02-21,0.874202614901093,0.9320104287419505,0.9945313212521877
2022-02-22,0.8183859269339383,0.9248666757622378,0.9898030238036751
2022-02-23,0.8089013481987123,0.9159170867029142,0.9841297175132274
2022-02-24,0.7408510915810672,0.8991459800490932,0.9767460376234475
2022-02-25,0.7908343471279587,0.8912221275604398,0.9706691054917117
2022-02-28,0.8048724334969596,0.8830549145866499,0.9639992223933088
2022-03-02,0.8014940345228255,0.8706983342616675,0.9563778790482661
2022-03-03,0.8007596044179947,0.8584759386926363,0.9491883549698269
2022-03-04,0.7923452157560053,0.8466561196019614,0.9428995413989462
2022-03-07,0.7757889808537412,0.8326006023499611,0.937394608903721
2022-03-08,0.8240725348089696,0.8271671691802301,0.9336314691354953
2022-03-09,0.8377749636691217,0.8292686825856045,0.9313958213783607
2022-03-10,0.8328856960669414,0.831868266528461,0.9289958240863773
2022-03-11,0.8237367748405638,0.8408519709209207,0.9281885724038014
2022-03-14,0.8421395358797231,0.846412770222076,0.9274304654766975
2022-03-15,0.821533484526071,0.8482186063016871,0.9251368101501886
2022-03-16,0.8475532939543687,0.8532108167172437,0.9228044857332859
2022-03-17,0.8546248476618498,0.8590490918366721,0.9198485976476364
2022-03-21,0.835298823554243,0.8637046909688034,0.9166598767926858
2022-03-22,0.8664596437163578,0.8735321834885418,0.9148238266826821
2022-03-23,0.871264894481769,0.8786472068823376,0.9137507141857443
2022-03-24,0.8869817806927977,0.8839805706292533,0.9138538383164335
2022-03-25,0.8691875269628727,0.8879152057175964,0.9129982483039735
2022-03-28,0.8692924455492771,0.892852833821186,0.9119887804879593
2022-03-29,0.8683062723128098,0.895688959624653,0.9121563557251605
2022-03-30,0.8793017196760823,0.901950267096017,0.9121209084033356
2022-03-31,0.8828269431954482,0.9057734609838332,0.9108665271693327
2022-04-01,0.8907168413849725,0.9096853525167522,0.9099907961860877
2022-04-04,0.8955851047779607,0.9162195826532037,0.9097676365900599
2022-04-05,0.9142396089487562,0.9213982946653375,0.910104395981855
2022-04-06,0.8892899895936951,0.9233519749604558,0.9106836534486583
2022-04-07,0.8594090942180689,0.9203634628935479,0.912258677364045
2022-04-08,0.8600386057364954,0.9193718416560132,0.9142220168358964
2022-04-11,0.8645501049518857,0.9188578350823816,0.9189712577469987
2022-04-12,0.8623259128877575,0.9182096437527992,0.9217160708190916
2022-04-13,0.8500923442372671,0.9150437363956848,0.9234522225007583
2022-04-18,0.7938979903428794,0.9054050220491162,0.9231605836040614
2022-04-19,0.770333214360711,0.8923570398602961,0.9219924072985316
2022-04-20,0.8059636277793883,0.8826432651176775,0.9225152661133534
2022-04-21,0.8361171680362863,0.8741758327701906,0.9248314777536281
2022-04-22,0.8293604725475755,0.8676802711200605,0.9250345003126542
2022-04-25,0.8023543874232534,0.8614963006213393,0.9236745796049811
2022-04-26,0.8015570471504024,0.8551576783878357,0.9224717624032147
2022-04-27,0.8078101539162835,0.8490078232222505,0.9218602833169388
2022-04-28,0.8175046722838751,0.8441497975626447,0.920914464115632
2022-04-29,0.8017248759048267,0.8389074080374247,0.9201539418455472
2022-05-02,0.7999202557267592,0.8395601414149411,0.9183251416982695
2022-05-04,0.7736276989576328,0.8399172196771977,0.9152153758090659
2022-05-05,0.7877496997038457,0.8379430724032478,0.9133897974303572
2022-05-06,0.7538400945455809,0.829025333205719,0.9090659361825041
2022-05-09,0.759086023865802,0.821408518715289,0.9047589941368669
2022-05-10,0.7564210507873069,0.8164299566540373,0.8997463077543836
2022-05-11,0.7451947620420333,0.8103210354461142,0.8949857886863987
2022-05-12,0.7437888120003912,0.8033819744652172,0.8901672620490392
2022-05-13,0.7464117766605017,0.7956764512244324,0.8854873029304108
2022-05-16,0.7304222455682016,0.7879481955334754,0.8797712954216287
2022-05-17,0.7618139071123172,0.7838179747526878,0.8751251786412156
2022-05-18,0.7606387984526762,0.7824101508929956,0.8701310243121246
2022-05-19,0.6822226059901854,0.7709724190913424,0.8619392863141807
2022-05-20,0.6952535149135265,0.7646224139748753,0.8535316386829351
2022-05-23,0.7073191523500354,0.7590115744096865,0.8465451371635221
2022-05-24,0.6931551431854378,0.752154392449366,0.840162062275854
2022-05-25,0.6426472947065244,0.7410396124715818,0.8318156439825516
2022-05-26,0.6675340038935657,0.7327746066515693,0.8242515017812949
2022-05-27,0.6819498586493565,0.7257877930884834,0.817326229599825
2022-05-30,0.7297717298405827,0.7257172858456188,0.8127066973273348
2022-05-31,0.7251973204571726,0.7217485354241396,0.8100690365800883
2022-06-01,0.7213572387190362,0.7174909374066759,0.8081886763343576
2022-06-02,0.749811179843828,0.72481663882978,0.8060327860347748
2022-06-03,0.7570085538873489,0.7315100627489474,0.8029955276403974
2022-06-06,0.7531475703995775,0.7364772530324876,0.8000694458312395
2022-06-07,0.7245047963111689,0.7398751379917751,0.797080525766746
2022-06-08,0.7419002774451114,0.7506328397073027,0.7947900922088064
2022-06-09,0.7515318856446834,0.7597370916066603,0.792629371223262
2022-06-10,0.7233296876515279,0.7642221140731119,0.7890136617876694
2022-06-13,0.6644494589290096,0.7571420497117373,0.7837431749129214
2022-06-14,0.6606513856092581,0.7501461298422804,0.7783961523491904
2022-06-15,0.6588677696403827,0.7433731034791292,0.7739901143670213
2022-06-16,0.631882688725253,0.7305912253308701,0.7680058307008962
2022-06-17,0.6095979399891299,0.7146138776455463,0.7624678662268268
2022-06-20,0.6194602871111462,0.7001239562638985,0.7571071422956656
2022-06-21,0.6612388887093,0.6932667743035782,0.753452763769679
2022-06-22,0.6658553065110947,0.6850245120389896,0.7504066425613994
2022-06-23,0.7018843900661976,0.6796433846046329,0.748797784175364
2022-06-24,0.695295523331911,0.6766048544841948,0.7468352511291007
2022-06-27,0.7043604277215193,0.6809306720626788,0.7458346461269886
2022-06-28,0.7058082837219889,0.6858250785267613,0.7436843929389557
2022-06-29,0.694204329049482,0.689655091039104,0.7411337396119869
2022-06-30,0.6843839903458507,0.6953455330482766,0.7412167227718912
2022-07-01,0.7045283589355006,0.7056347264062722,0.7415728167088832
2022-07-04,0.6709334070768919,0.7112137272149178,0.7401758397619927
2022-07-05,0.6630645130965599,0.7114116005892069,0.739020554464522
2022-07-06,0.6817190172673554,0.7131310156003078,0.7405206555421017
2022-07-07,0.693092233017418,0.7121780628490945,0.7415019259990169
2022-07-08,0.6836914661998473,0.710920337570999,0.7415687924485096
2022-07-11,0.620047892670745,0.7017819814437573,0.7373561077858765
2022-07-12,0.607835328229447,0.6911630176373661,0.7328501674415869
2022-07-13,0.588551312540225,0.679711637481408,0.7277512800644138
2022-07-14,0.5717643387155168,0.6675051668432742,0.7209154345799859
2022-07-15,0.570022731165026,0.6529265478165233,0.7137363901004085
2022-07-18,0.5989382525942631,0.6451232317295165,0.7078157511152073
2022-07-19,0.6034497518096534,0.6386617854125222,0.7031680214836181
2022-07-20,0.6414512842972481,0.6342972993477168,0.6993114307579772
2022-07-21,0.6466972136174695,0.6292686970224314,0.6952864583695467
2022-07-22,0.6440532447481665,0.6249724416238981,0.6922427564380312
2022-07-25,0.6422696287792912,0.6273809819222439,0.6913911946197283
2022-07-26,0.6209291473208082,0.628800177559648,0.6898661179516185
2022-07-27,0.6515444728012653,0.6356277973400178,0.6895849507862165
2022-07-28,0.681614098680951,0.6475340486044548,0.691494314816634
2022-07-29,0.6989885756057012,0.6615122288838121,0.6949263362383976
2022-08-01,0.6976876466100205,0.6722153482873726,0.6979297601621263
2022-08-02,0.6947499261906965,0.682111071473383,0.6992163669493853
2022-08-03,0.7147683719847496,0.6900576675174602,0.7010943118521352
2022-08-04,0.7212523201326319,0.6981384483174885,0.7018379149200039
2022-08-05,0.7254910720071935,0.7069652243985732,0.7029972284116316
2022-08-08,0.729435969872177,0.7164128951006311,0.7039599668151543
2022-08-10,0.7209585685826109,0.727254752413328,0.7045416396249383
2022-08-11,0.7496013426710192,0.7378828114208383,0.7066685261398341
2022-08-12,0.7408091856222397,0.7442987706269845,0.7088348881707117
2022-08-16,0.7370950266797002,0.7484290025130241,0.7100852372767742
2022-08-17,0.7406203526586231,0.7530823361738143,0.7127607646226098
2022-08-18,0.7322897759142889,0.7571511560181082,0.7154185663406413
2022-08-19,0.7341783104695686,0.7592549348948233,0.7174326634191409
2022-08-22,0.7210844913782076,0.759236744492585,0.7185073848334719
2022-08-23,0.6917282913941606,0.755577308645922,0.718815946866168
2022-08-24,0.6794528167848427,0.7501598004070883,0.7210967111846177
2022-08-25,0.6638618533694106,0.7439712767551817,0.7232477668644554
2022-08-26,0.6655405507518816,0.7348602062312976,0.7262036549501046
2022-08-29,0.627916786651077,0.7226241734132134,0.7283595452496873
2022-08-30,0.6609031287408945,0.7143659862177275,0.7318487638814536
2022-09-01,0.6275600224734793,0.7021117518921528,0.7329476544607264
2022-09-02,0.6270144253322648,0.6907013056938575,0.7338523852948752
2022-09-05,0.6282734483691178,0.6792226288292901,0.7333464417484857
2022-09-06,0.6256085777501798,0.6688743111113934,0.7325367747229291
2022-09-07,0.6350722547357704,0.6627335511469273,0.7321919628766033
2022-09-08,0.6434866433977596,0.6588352968630612,0.732238688355311
2022-09-09,0.6636310119874095,0.6588102767310443,0.7338781633772099
2022-09-12,0.6742487934234488,0.6597541342811385,0.7347498622325145
2022-09-13,0.6685412837987824,0.664157288832265,0.7342479508140657
2022-09-14,0.6228176818760877,0.6600293335228186,0.7313234818560842
2022-09-15,0.6160819905965692,0.6587852677042795,0.7281903532275268
2022-09-16,0.5759400779625016,0.6532494885351406,0.7236288245906274
2022-09-19,0.5843755732932402,0.6484915434036017,0.7186225856790652
2022-09-20,0.5892018282678438,0.6445455365375469,0.7135527020865794
2022-09-21,0.5727925203703687,0.6377952426245678,0.7076900667369689
2022-09-22,0.5753944808212871,0.6304149588894966,0.7017758712889058
2022-09-23,0.5647557976356125,0.619698202236883,0.695778696614722
2022-09-26,0.5699387143282569,0.6083923786145878,0.688880815366763
2022-09-27,0.5796122284866564,0.5987536531627676,0.6826918962904359
2022-09-28,0.5872502810849872,0.5948986205184085,0.6769388286086525
2022-09-29,0.5711558314062825,0.5900292230810905,0.6704324886195107
2022-09-30,0.5741984704120108,0.5898404560131726,0.6643628064505008
2022-10-03,0.5659728122540809,0.5878458417603917,0.6579048047912427
2022-10-04,0.6105422072667698,0.5901588546838562,0.6536606970671582
2022-10-06,0.6150747106913524,0.5947416811017817,0.6507176960557844
2022-10-07,0.5995257556943051,0.5973571899755358,0.6476490145999557
2022-10-10,0.6220413458124293,0.6035661806062737,0.6460433779824891
2022-10-11,0.6014773028771617,0.606984543649644,0.6435837642037386
2022-10-12,0.6145711219685227,0.6107736222043242,0.6430713771202118
2022-10-13,0.6156413120417593,0.6138508319163355,0.641333616521152
2022-10-14,0.6138996020317115,0.6184836874930429,0.6408091448551542
2022-10-17,0.6191875397703174,0.623359903554887,0.6405086431445554
2022-10-18,0.6330157889665095,0.6306264695128386,0.6406907183072085
2022-10-19,0.6234262916448791,0.6320229327000705,0.6406069326554994
2022-10-20,0.6383037267051154,0.6345406487276021,0.6407310002487784
2022-10-21,0.6299521457515888,0.6378384642640748,0.6402113632025254
2022-10-24,0.6401502528420103,0.6398012286550606,0.6393098541369456
2022-10-25,0.6403181840559916,0.6440110629850838,0.6380071385068421
2022-10-27,0.6383456326639428,0.6465879033725167,0.6368478210814311
2022-10-28,0.6408007685696292,0.6493148534467977,0.6375382551334542
2022-10-31,0.6533489905197757,0.6535906418665,0.6389690665509936
2022-11-01,0.6812783387125455,0.6603204576953959,0.643013373484621
2022-11-02,0.6737242004914267,0.664732707447642,0.6464437820552081
2022-11-03,0.6590566026039993,0.6685945587165277,0.6491257529381816
2022-11-04,0.6635260934010051,0.6713283274153353,0.652609334458398
2022-11-07,0.670366805726485,0.6757087384110382,0.6562556565960703
2022-11-09,0.6629595945101555,0.678180967327722,0.6600260463270219
2022-11-10,0.6585949198399971,0.6801619221209466,0.6634298703896863
2022-11-11,0.7048850206535414,0.6873739057669309,0.6682395342131436
2022-11-14,0.7130896746022789,0.6952090606104812,0.6730709518585619
2022-11-15,0.7118726599838104,0.7015522471024219,0.678473566648686
2022-11-16,0.7214202513466131,0.7059030959181741,0.6841259294765442
2022-11-17,0.7187552782681178,0.7107838651332038,0.6899917865947235
2022-11-18,0.7164260651580282,0.717001950965061,0.6940570409247236
2022-11-21,0.6912666086301583,0.7200086534342075,0.6969823163082934
2022-11-22,0.7044653463079237,0.7237044811905992,0.7010113168908808
2022-11-23,0.7016745528933886,0.7279006671663178,0.7040687162560432
2022-11-24,0.7318280931502866,0.7358381680092757,0.7090733423164292
2022-11-25,0.7358149994336548,0.7391905658577155,0.7137283219107443
2022-11-28,0.7381652167529368,0.7419084207308771,0.7184324462605315
2022-11-29,0.7390465738625568,0.7448537111582786,0.723237279398027
2022-11-30,0.7362976864068494,0.7464662270167862,0.7277335505028263
2022-12-01,0.7719069931567774,0.7522271651635718,0.7330660731411055
2022-12-02,0.7565888795417312,0.756580279450665,0.7381786540181422
2022-12-05,0.7510281944622966,0.763057639593305,0.7425065434601524
2022-12-06,0.7340104817151442,0.766259938860148,0.7465017095720908
2022-12-07,0.7320170285734601,0.7695486591955011,0.7500287987362296
2022-12-08,0.7194057939957367,0.7682022473775544,0.753065250705019
2022-12-09,0.6951485963271219,0.7637945507784939,0.755246116595132
2022-12-12,0.6925046274578189,0.7588455508971922,0.7572312098889445
2022-12-13,0.7116628228110015,0.7558775169143671,0.7594700833484312
2022-12-14,0.7256169948027901,0.7547198721643383,0.7611724005594495
2022-12-15,0.7003316154793234,0.7469620542934311,0.7621939529579344
2022-12-16,0.6731156931821926,0.737914672387885,0.7627337309749723
2022-12-19,0.6570841536715076,0.7277323892877342,0.7624864022140024
2022-12-20,0.6746684677690665,0.7213005051506906,0.7626515581744394
2022-12-21,0.6849924976550849,0.7162036721591335,0.7634974789474093
2022-12-22,0.6812783387125455,0.7120711636965013,0.7643683753109093
2022-12-23,0.6681216094531647,0.7091417981999976,0.7629568984385667
2022-12-26,0.6784245326704336,0.7076157034100002,0.7616259815155809
2022-12-27,0.6811944243353333,0.7043133347203422,0.7604481359705609
2022-12-28,0.6801872468896736,0.6993893549710574,0.7588650556668602
2022-12-29,0.6850764120322971,0.6977358940496355,0.7575720053424634
2022-12-30,0.6800193156756923,0.6984841548020332,0.7561742219699846
2023-01-02,0.6820127688173764,0.7011860847442976,0.7558189344585805
2023-01-03,0.702954580139434,0.7042519226785969,0.7557609308229897
2023-01-04,0.7043394235123269,0.7063488718255339,0.7558632445943075
2023-01-05,0.7028496615530296,0.7086869159862669,0.7547506605151709
2023-01-06,0.6610710599548758,0.7079227303029717,0.7518809773579948
2023-01-09,0.7065637180360121,0.7109726433063736,0.7506676844911498
2023-01-10,0.6924836232486268,0.7121962421460813,0.7488799687772468
2023-01-11,0.710235868560167,0.7154531126196396,0.7478793637751348
2023-01-12,0.7126070900886413,0.7184370715333624,0.7456026315846255
2023-01-13,0.7294779782905617,0.7237977319888879,0.744561748574727
2023-01-16,0.7124811672930446,0.7271001006785459,0.7430817924017153
2023-01-17,0.7310936630454555,0.7301500025766959,0.7429698054571242
2023-01-18,0.7359619264384437,0.7335774608211857,0.7431212639839139
2023-01-19,0.7288694709813274,0.7363976616937552,0.7434846078836318
2023-01-20,0.7246727275251504,0.7432912355638043,0.7446181432929248
2023-01-23,0.7464117766605017,0.7476102345177619,0.7466878286640345
2023-01-24,0.7553928691324548,0.7544287590970126,0.748366779201915
2023-01-25,0.7526439816767475,0.7590252338692428,0.7494044404432448
2023-01-27,0.7447960919056079,0.7625140930502262,0.7511115883402245
2023-01-30,0.7542806706408337,0.7652023746381861,0.7542277977665658
2023-01-31,0.7228260989286982,0.766323627478486,0.7567518626518283
2023-02-01,0.7436629916643515,0.7676859753325819,0.7594008054897409
2023-02-02,0.7655069593861074,0.770888263494173,0.7624920393255522
2023-02-03,0.7746978890308694,0.775855453777713,0.766078744976458
2023-02-06,0.7653181264224908,0.7802608738001809,0.7698104616832321
2023-02-07,0.7706060641610967,0.7828832124037132,0.7733496354298416
2023-02-08,0.7905615997871299,0.7866950345138174,0.7775486265926111
2023-02-09,0.7992698424586974,0.7917486569711193,0.7821206269608055
2023-02-10,0.7978848966262476,0.7975027764933783,0.7864517421051677
2023-02-13,0.7747397949896969,0.7997202731472132,0.79008839500335
2023-02-14,0.7821681128747758,0.8061521572842568,0.7939337115058916
2023-02-15,0.790792338709574,0.8112603509482744,0.7973061125071049
2023-02-16,0.8064882207114105,0.8157021739857225,0.8012279646986294
2023-02-17,0.7826086889700289,0.8165595993620541,0.8042901947497535
2023-02-20,0.7767962607589579,0.817803676285845,0.8087332929049239
2023-02-21,0.7615620615211237,0.8168234268260225,0.8108448730687797
2023-02-22,0.7408091856222397,0.8114309276139541,0.8127002616577635
2023-02-23,0.7459501963560565,0.8056517879596782,0.8140714605223193
2023-02-24,0.7403475028582375,0.7994155006203311,0.81513651269716
2023-02-27,0.7115579042245971,0.7925674249663813,0.8144484979219012
2023-02-28,0.7035840916578607,0.7840499634601127,0.8141069078441444
2023-03-01,0.7341573062603762,0.7779114800722392,0.8142245319002855
2023-03-02,0.7071932295544386,0.7671492252035262,0.8131200002756797
2023-03-03,0.7158804680168137,0.7599167745787107,0.8126213066920162
2023-03-06,0.7283448780493053,0.7546652898523712,0.8127622934875113
2023-03-08,0.7361297551928679,0.751908766492888,0.8123675304601256
2023-03-09,0.7136562759526855,0.7489657526420795,0.8107651156112278
2023-03-10,0.7112011400469992,0.7451994176428233,0.809173978919213
2023-03-13,0.6906160929025394,0.7398091950073474,0.8070938178830253
2023-03-14,0.6624979117461532,0.7344917450860774,0.8035699544212388
2023-03-15,0.6557621180070775,0.7293084799207582,0.8009951319293281
2023-03-16,0.6499286855868144,0.7201792189946356,0.7973963416959516
2023-03-17,0.6475365623087047,0.7137132306297077,0.7928670425460916
2023-03-20,0.6324282858664675,0.7046681253007544,0.7874048112692004
2023-03-21,0.6168164207014001,0.6925799255929258,0.7817033076196535
2023-03-22,0.6271823565462461,0.6807714782799629,0.7761967662070356
2023-03-23,0.624601297844963,0.6711191044738377,0.7698249655424673
2023-03-24,0.6228596902944724,0.6615440676403556,0.7630519583133751
2023-03-27,0.6236151246084957,0.6542820548355893,0.7563611278185992
2023-03-28,0.6209291473208082,0.649776554285055,0.7504557951844383
2023-03-29,0.6305816572700153,0.6470473276341812,0.7446358571193789
2023-03-31,0.6586998384264015,0.6479980038088015,0.7395643606757168
2023-04-03,0.6562238007710798,0.6489395847823024,0.7337951802173056
2023-04-05,0.672926860218576,0.6533290909791246,0.7295841084058484
2023-04-06,0.6649110392334548,0.6585419072191424,0.7252884405833112
2023-04-10,0.6828311132994195,0.6645734914544227,0.7222656821143855
2023-04-11,0.6620153272325157,0.6686286740496638,0.719240508302479
2023-04-12,0.6737031962822345,0.6741394330867857,0.7164666914456993
2023-04-13,0.6515444728012653,0.6771666025347637,0.7130572302714849
2023-04-17,0.6308335028612088,0.6782401027928747,0.7099579361135763
2023-04-18,0.6271613523370537,0.6778693872815648,0.7070237979161046
2023-04-19,0.609891793998708,0.672579245174156,0.7022528071168247
2023-04-20,0.6162708235601858,0.6682488744424865,0.6987619756338824
2023-04-21,0.6397935911239695,0.6646576692620952,0.6958407323782531
2023-04-24,0.645648027753425,0.6625698153162775,0.6926657089569496
2023-04-25,0.646151616476255,0.658594246270272,0.6892111312214203
2023-04-26,0.6554473622478644,0.6578823663223513,0.6869762859560903
2023-04-27,0.651166704414475,0.6554397106908697,0.6846713524726985
2023-04-28,0.6643025319242207,0.656822514418545,0.68366108216488
2023-05-02,0.6643654420922406,0.6604569301331914,0.6837327832341177
2023-05-03,0.6477883054403412,0.6626926171892648,0.6834266404781858
2023-05-04,0.6649110392334548,0.668655970758273,0.6840018658170487
2023-05-05,0.669107782689632,0.6743827935719228,0.6848300609622143
2023-05-08,0.6774593636431586,0.6784652617705215,0.6865589626811551
2023-05-09,0.6911616900437537,0.6833983367209254,0.6894133394872916
2023-05-10,0.6926515544626081,0.6884383108239228,0.691926932641259
2023-05-11,0.6907000072797514,0.6922592281351462,0.6944646949601688
2023-05-12,0.6874056251423867,0.6961870445989627,0.6969428407923114
2023-05-15,0.679326893989246,0.6978154853883679,0.6990818118896781
2023-05-16,0.6806278229849266,0.6995781109337239,0.7013738543650107
2023-05-17,0.6598749470860424,0.7008881419471936,0.7024985269604015
2023-05-18,0.6561608906030599,0.6999397423491659,0.7024010478088288
2023-05-19,0.6658134005522672,0.6995826751921609,0.702769226328292
2023-05-22,0.6976456381916359,0.7017705985607937,0.7037182672981676
2023-05-23,0.6969532165051896,0.702398322911545,0.7049484793672286
2023-05-24,0.6995971853744926,0.703151136817128,0.7055921879405437
2023-05-25,0.6954633520863353,0.7036674199673524,0.7068763754510384
2023-05-26,0.7103197829373792,0.7061510095564966,0.7082822152118314
2023-05-29,0.7067316492499934,0.7091213201159144,0.710401045338413
2023-05-30,0.7049899392399458,0.7117618491216854,0.7132481721818235
2023-05-31,0.6937846547038645,0.7154372098992458,0.715806075471518
2023-06-01,0.7082634196276753,0.7210844302689116,0.7195829087396072
2023-06-02,0.7005414526521324,0.7248484886915748,0.7228183550732658
2023-06-05,0.693532809112671,0.7244027127842151,0.7248815929734541
2023-06-06,0.669779302626443,0.7214574223568139,0.725808077629564
2023-06-07,0.6876573682740231,0.7201633051689899,0.7274016296645595
2023-06-08,0.6715209101769338,0.7175682632740669,0.7280187497961687
2023-06-09,0.660126792677236,0.7121280114798095,0.7283627591506897
2023-06-12,0.6759064865967274,0.7087869743038303,0.7288082758509403
2023-06-13,0.6745635491826621,0.7054891587673576,0.7291998171097575
2023-06-14,0.677648196606775,0.7037401815763061,0.7303462435271094
2023-06-15,0.6630645130965599,0.6988412219590382,0.7302753488834596
2023-06-16,0.6456899337122527,0.6928960476870166,0.7293762551608608
2023-06-19,0.6605883729816812,0.6893253094854569,0.7287285183933884
2023-06-20,0.6678487596527788,0.6891160643334556,0.7278334528649467
2023-06-21,0.6806488271941188,0.6883564318033463,0.7273726258798726
2023-06-22,0.6723812630773615,0.6884496826016347,0.7266693047535736
2023-06-23,0.663085517305752,0.6887703689541628,0.725735570134738
2023-06-26,0.6518801303101137,0.6861662318581206,0.724681792182997
2023-06-27,0.6551117047390157,0.6840579109334718,0.7237021385110413
2023-06-28,0.662707748918962,0.6824385653451858,0.7238108997532803
2023-06-30,0.6991355026104901,0.6863481803015122,0.7254608465064739
2023-07-03,0.6865662764511514,0.6907786315612484,0.726257622523972
2023-07-04,0.7019053942753898,0.6952568465084253,0.7264211695670159
2023-07-05,0.7065637180360121,0.6994530324841438,0.7267901505782836
2023-07-06,0.707801736863673,0.7023960463349522,0.7271051522143345
2023-07-07,0.7104667099421683,0.7065240016443991,0.7276811839787852
2023-07-10,0.6864193494463623,0.709053078344391,0.7267635621365777
2023-07-11,0.6866081824099789,0.7128171367670545,0.7259909513502384
2023-07-12,0.6813622530897575,0.7156623466663893,0.7250838012393256
2023-07-13,0.7152090505395597,0.7213527886755619,0.7259063592729414
2023-07-14,0.7882742926358678,0.7310142465775543,0.7289782585635559
2023-07-17,0.7786427868958529,0.7409941142554822,0.7319768439337561
2023-07-18,0.7808041712515185,0.7495456910948869,0.7353274989805748
2023-07-19,0.7695568782970524,0.7563733108752569,0.739158311623881
2023-07-20,0.7667240764641329,0.7627597079014524,0.7421939611008658
2023-07-21,0.7268550136304509,0.7645359818011132,0.7443184322727806
2023-07-24,0.7379553795801278,0.7701218012342853,0.747306545911686
2023-07-25,0.739801905717023,0.7758872925342563,0.7497597161532988
2023-07-26,0.735248500542805,0.7817278442302772,0.7520896252272206
2023-07-27,0.7388576384393831,0.7842910362634054,0.7544396713381439
2023-07-28,0.7214411530962485,0.7770472138608776,0.7566809562068283
2023-07-31,0.7491606641162093,0.7738517443238128,0.7606535620712177
2023-08-01,0.7620027400759338,0.7718139195367767,0.7645472169036435
2023-08-02,0.7572183910601576,0.7704765918146977,0.7679784318998187
2023-08-03,0.7401376656854285,0.7675949789003825,0.7702624179868373
2023-08-04,0.7584355081381832,0.7710178839916869,0.7735663436211649
2023-08-07,0.7754323191357003,0.7750798852114545,0.7778797331377233
2023-08-08,0.7697877196790536,0.7783299481657381,0.7824066208783856
2023-08-09,0.7663883164957274,0.7817050895696015,0.7866789220277858
2023-08-10,0.757827000828949,0.7837611158641279,0.7903308852107914
2023-08-11,0.7606387984526762,0.7880096186804725,0.7926922134123812
2023-08-14,0.7610794770074861,0.7893014592917037,0.7955530376894387
2023-08-16,0.7646676106948719,0.7895902957824369,0.7979627002871291
2023-08-17,0.7551620277504537,0.7893674133813829,0.7998285606074077
2023-08-18,0.7263514249076212,0.7878731684531805,0.8005407484813921
2023-08-21,0.7408510915810672,0.7859672518455026,0.8017073119357457
2023-08-22,0.7326674418415219,0.7813321085869508,0.8034829391333943
2023-08-23,0.7394242397897898,0.7780411116750049,0.805510733645541
2023-08-24,0.7350176591608039,0.7746409501391246,0.8075707537109439
2023-08-25,0.732310780123481,0.771875331578522,0.8082273493585347
2023-08-28,0.7298976526361795,0.7685434007089137,0.8059860644898506
2023-08-29,0.7301493957678157,0.7651909917552223,0.8041242323637287
2023-08-30,0.7363605965748693,0.762122888349582,0.8024178869585538
2023-08-31,0.7220287586558475,0.758531683169191,0.800593115005433
2023-09-01,0.731429423013861,0.7590820705472995,0.7992380289175051
2023-09-04,0.7479226452885485,0.7598485328071872,0.8000468895174738
2023-09-05,0.7524761529223233,0.7619955333234093,0.8006043931623158
2023-09-06,0.7527068918447674,0.7634351959396445,0.8010998610436267
2023-09-07,0.763345677489999,0.7665055759218776,0.8021786106521146
2023-09-08,0.7577429839921798,0.7692620881761091,0.8029036856003745
2023-09-11,0.7740053648848658,0.7740427768630721,0.804921810873031
2023-09-12,0.8160358120742132,0.7833517207612452,0.807489383402216
2023-09-13,0.8106010497903754,0.7913983973333892,0.8093552437224946
2023-09-14,0.8073275694026459,0.800643652613224,0.8112791116121475
2023-09-15,0.823380113122523,0.810609883042099,0.8144750824298242
2023-09-18,0.8266744952598878,0.8191455349506062,0.8170950175492665
2023-09-20,0.8266325893010603,0.8271831052163793,0.819060776297882
2023-09-21,0.8179243466294929,0.8342518089052934,0.8209089109903568
2023-09-22,0.8256253093958436,0.8410020917130206,0.8231832278378853
2023-09-25,0.8145039392369745,0.8471542234551986,0.8253592551744696
2023-09-26,0.8180921753839171,0.8519326466708207,0.827565092721329
2023-09-27,0.8196030440119638,0.8523192871130277,0.8298120186353467
2023-09-28,0.7975491366578419,0.8509046335235574,0.8310744562576636
2023-09-29,0.7941288317248806,0.8494740661084413,0.8325705291410864
2023-10-03,0.7879386351270193,0.8456326818183869,0.8349350791112452
2023-10-04,0.7979688110034596,0.8425213678784914,0.8371280295838289
2023-10-05,0.819624048221156,0.8417617353483818,0.8404666000481767
2023-10-06,0.8330745290305578,0.8434038133868399,0.8440621645792009
2023-10-09,0.8401880911564236,0.8449822250174633,0.8481000279756904
2023-10-10,0.8362220866226907,0.8473361830038418,0.8520895491085124
2023-10-11,0.8282482740559544,0.8484369688653107,0.8558655759510138
2023-10-12,0.7999832683543361,0.8463104464331715,0.8585467443421827
2023-10-13,0.8118600728272286,0.8478615613551855,0.8614454352178292
2023-10-16,0.7922192929604085,0.8476545927797773,0.864140297108862
2023-10-17,0.7850848290849076,0.8473452782049612,0.8662003171742646
2023-10-18,0.7767752565497655,0.8450481791071424,0.8673080705674395
2023-10-19,0.7635135062444233,0.8389665435025772,0.867731833445729
2023-10-20,0.7798388997646862,0.8331965101546727,0.8687735268149991
2023-10-23,0.7444183235188176,0.8228163425749812,0.8680468390155632
2023-10-25,0.7360039348568285,0.8119540293887045,0.8672122003332595
2023-10-26,0.713614267534301,0.7995292295027024,0.8648935733500042
2023-10-27,0.7195736227501609,0.7908138946221447,0.8611900500685455
2023-10-30,0.7311566756730324,0.7820667209850437,0.8581399006661089
2023-10-31,0.7270438465940675,0.775002570449315,0.8550575257104164
2023-11-01,0.7110542130422103,0.766978637432595,0.8507449386856628
2023-11-02,0.7234137044882972,0.7611949557303855,0.846780393143371
2023-11-03,0.7195526185409687,0.7564301808690684,0.8426692158264674
2023-11-06,0.7318701015686712,0.7512310018781033,0.8393652901921397
2023-11-07,0.7277572724897062,0.7494251657984922,0.8356077914692474
2023-11-08,0.7324156987098857,0.7490362487796923,0.8324561347210809
2023-11-09,0.7181047625404989,0.7495229586447144,0.8286172656894607
2023-11-10,0.7122293217018513,0.7487269342048762,0.8244948102156743
2023-11-13,0.7114319814290003,0.7465890399950251,0.8211884692383659
2023-11-15,0.7419632900726884,0.7482061090067181,0.8191856503167493
2023-11-16,0.781223845597136,0.7558115628246881,0.8189278458907013
2023-11-17,0.7831542861112434,0.7622866463907351,0.8183590640889761
2023-11-20,0.7903517626143212,0.7699603308749766,0.8172351979191733
2023-11-21,0.7864067622897805,0.7758713787086106,0.8154434579448967
2023-11-22,0.7947792449929424,0.7831356680899692,0.8137000523667207
2023-11-23,0.7855884178077374,0.7888988828133475,0.8117560474400664
2023-11-24,0.7641221160132147,0.7938865511809704,0.8092940183183349
2023-11-28,0.7695987842558799,0.8001046370128276,0.8081274509301978
2023-11-29,0.7878966267086348,0.8083923863882642,0.807207409811226
2023-11-30,0.7769221835545547,0.8121814649429441,0.8066200998898921
2023-12-01,0.7870152695990148,0.8128091781884438,0.8066942163021108
2023-12-04,0.7873510295674203,0.8132640492969229,0.8071002574863796
2023-12-05,0.7953878547617336,0.8138098946270976,0.8083240260183026
2023-12-06,0.8258142448190172,0.8180811409988661,0.8100891814846566
2023-12-07,0.8303466457840428,0.8219361736432255,0.8133882724992388
2023-12-08,0.835298823554243,0.8273241197021085,0.8172005530891532
2023-12-11,0.8420975274613386,0.8357756160134463,0.8221334780803012
2023-12-12,0.8543521003210212,0.8449617469333804,0.8273080986546527
2023-12-13,0.8213866599808389,0.8485916206000929,0.830772345629672
2023-12-14,0.8523166387609525,0.8567633756218168,0.8355820094531291
2023-12-15,0.9336285432243828,0.8726543022386305,0.844127422111301
2023-12-18,0.9328731089103596,0.8884269579251386,0.8521693065660646
2023-12-19,0.9148271120487982,0.9013725830092992,0.8596665823178283
2023-12-20,0.8996559254385409,0.9093760379419363,0.8661084712004584
2023-12-21,0.9027824788214814,0.9172271177163839,0.8728283054799212
2023-12-22,0.9181005924365276,0.9262017269077244,0.8799574027122222
2023-12-26,0.9061608777956155,0.9331453410418068,0.8871775394927411
2023-12-27,0.9127287403207097,0.9394725914975982,0.8948754185267668
2023-12-28,0.9079863997233181,0.9488588501579106,0.9024218351002192
2023-12-29,0.9052585164768031,0.9545970447492721,0.9086913141259031
